ID,numero_sap,type,statut,urgence,categorie_article,date_creation,date_previsionnelle,date_livraison_reelle,date_modification,montant_total,devise,score_priorite,createdAt,updatedAt,fournisseur_ID,manager_ID
cccccccc-0001-0000-0000-000000000000,PO-2025-00001,FOURNISSEUR,EN_COURS,HAUTE,Emballage,2025-08-03T00:59:00Z,2025-12-13,,2025-09-01T18:16:00Z,3332.13,EUR,72.6,2025-08-03T00:59:00Z,2025-09-01T18:16:00Z,aaaaaaaa-0002-0000-0000-000000000002,bbbbbbbb-0002-0000-0000-000000000002
cccccccc-0002-0000-0000-000000000000,PO-2025-00002,FOURNISSEUR,EN_COURS,CRITIQUE,Logistique,2025-09-13T09:39:00Z,2025-03-07,,2025-11-07T05:54:00Z,6789.72,EUR,79.8,2025-09-13T09:39:00Z,2025-11-07T05:54:00Z,aaaaaaaa-0003-0000-0000-000000000003,bbbbbbbb-0002-0000-0000-000000000002
cccccccc-0003-0000-0000-000000000000,PO-2025-00003,FOURNISSEUR,EN_ATTENTE,HAUTE,Produits chimiques,2025-07-11T07:38:00Z,2025-05-11,,2025-07-12T23:28:00Z,29976.08,MAD,18.2,2025-07-11T07:38:00Z,2025-07-12T23:28:00Z,aaaaaaaa-0001-0000-0000-000000000001,bbbbbbbb-0002-0000-0000-000000000002
cccccccc-0004-0000-0000-000000000000,PO-2025-00004,FOURNISSEUR,ANNULE,NORMALE,Pieces detachees,2025-03-24T13:19:00Z,2025-07-09,,2025-07-22T12:12:00Z,2639.29,EUR,90.1,2025-03-24T13:19:00Z,2025-07-22T12:12:00Z,aaaaaaaa-0001-0000-0000-000000000001,bbbbbbbb-0002-0000-0000-000000000002
cccccccc-0005-0000-0000-000000000000,PO-2025-00005,FOURNISSEUR,LIVRE,HAUTE,Electronique,2025-08-03T16:16:00Z,2025-04-24,2025-05-11,2025-09-18T02:21:00Z,1326.97,MAD,35.0,2025-08-03T16:16:00Z,2025-09-18T02:21:00Z,aaaaaaaa-0001-0000-0000-000000000001,bbbbbbbb-0002-0000-0000-000000000002
cccccccc-0006-0000-0000-000000000000,PO-2025-00006,FOURNISSEUR,LIVRE,NORMALE,Textile,2025-08-14T23:51:00Z,2025-12-17,2025-12-26,2025-10-23T02:18:00Z,1488.33,MAD,67.5,2025-08-14T23:51:00Z,2025-10-23T02:18:00Z,aaaaaaaa-0004-0000-0000-000000000004,bbbbbbbb-0002-0000-0000-000000000002
cccccccc-0007-0000-0000-000000000000,PO-2025-00007,FOURNISSEUR,EN_COURS,HAUTE,Logistique,2025-02-12T05:53:00Z,2025-10-28,,2025-11-01T04:26:00Z,7925.07,EUR,51.7,2025-02-12T05:53:00Z,2025-11-01T04:26:00Z,aaaaaaaa-0004-0000-0000-000000000004,bbbbbbbb-0002-0000-0000-000000000002
cccccccc-0008-0000-0000-000000000000,PO-2025-00008,FOURNISSEUR,EN_COURS,CRITIQUE,Pieces detachees,2025-05-03T11:28:00Z,2025-07-06,,2025-06-19T11:29:00Z,76.50,MAD,25.6,2025-05-03T11:28:00Z,2025-06-19T11:29:00Z,aaaaaaaa-0005-0000-0000-000000000005,bbbbbbbb-0002-0000-0000-000000000002
cccccccc-0009-0000-0000-000000000000,PO-2025-00009,FOURNISSEUR,LIVRE,CRITIQUE,Logistique,2025-06-14T16:13:00Z,2025-11-06,2025-12-26,2025-12-20T21:45:00Z,1171.92,MAD,56.1,2025-06-14T16:13:00Z,2025-12-20T21:45:00Z,aaaaaaaa-0003-0000-0000-000000000003,bbbbbbbb-0002-0000-0000-000000000002
cccccccc-0010-0000-0000-000000000000,PO-2025-00010,FOURNISSEUR,LIVRE,HAUTE,Electronique,2025-06-13T07:26:00Z,2025-03-03,2025-05-12,2025-11-07T08:51:00Z,2288.28,MAD,50.2,2025-06-13T07:26:00Z,2025-11-07T08:51:00Z,aaaaaaaa-0005-0000-0000-000000000005,bbbbbbbb-0002-0000-0000-000000000002
cccccccc-0011-0000-0000-000000000000,PO-2025-00011,FOURNISSEUR,EN_COURS,NORMALE,Produits chimiques,2025-05-16T09:19:00Z,2025-10-15,,2025-06-18T02:34:00Z,13661.52,MAD,57.2,2025-05-16T09:19:00Z,2025-06-18T02:34:00Z,aaaaaaaa-0005-0000-0000-000000000005,bbbbbbbb-0002-0000-0000-000000000002
cccccccc-0012-0000-0000-000000000000,PO-2025-00012,FOURNISSEUR,EN_COURS,HAUTE,Electronique,2025-03-22T04:02:00Z,2025-11-25,,2025-08-07T07:54:00Z,3180.77,MAD,96.4,2025-03-22T04:02:00Z,2025-08-07T07:54:00Z,aaaaaaaa-0005-0000-0000-000000000005,bbbbbbbb-0002-0000-0000-000000000002
cccccccc-0013-0000-0000-000000000000,PO-2025-00013,FOURNISSEUR,ANNULE,HAUTE,Textile,2025-10-21T09:43:00Z,2025-06-14,,2025-10-07T17:30:00Z,51770.35,EUR,74.1,2025-10-21T09:43:00Z,2025-10-07T17:30:00Z,aaaaaaaa-0002-0000-0000-000000000002,bbbbbbbb-0002-0000-0000-000000000002
cccccccc-0014-0000-0000-000000000000,PO-2025-00014,FOURNISSEUR,EN_ATTENTE,NORMALE,Matieres premieres,2025-10-26T15:46:00Z,2025-12-13,,2025-11-21T19:15:00Z,50642.55,EUR,41.2,2025-10-26T15:46:00Z,2025-11-21T19:15:00Z,aaaaaaaa-0004-0000-0000-000000000004,bbbbbbbb-0002-0000-0000-000000000002
cccccccc-0015-0000-0000-000000000000,PO-2025-00015,FOURNISSEUR,EN_COURS,NORMALE,Produits chimiques,2025-07-25T20:14:00Z,2025-10-25,,2025-08-04T02:16:00Z,16188.69,MAD,51.6,2025-07-25T20:14:00Z,2025-08-04T02:16:00Z,aaaaaaaa-0005-0000-0000-000000000005,bbbbbbbb-0002-0000-0000-000000000002
cccccccc-0016-0000-0000-000000000000,PO-2025-00016,FOURNISSEUR,EN_COURS,NORMALE,Emballage,2025-06-02T17:04:00Z,2025-05-12,,2025-09-03T08:28:00Z,2671.25,MAD,92.1,2025-06-02T17:04:00Z,2025-09-03T08:28:00Z,aaaaaaaa-0002-0000-0000-000000000002,bbbbbbbb-0002-0000-0000-000000000002
cccccccc-0017-0000-0000-000000000000,PO-2025-00017,FOURNISSEUR,EN_COURS,CRITIQUE,Textile,2025-10-04T14:43:00Z,2025-10-17,,2025-11-07T05:49:00Z,3065.52,USD,27.8,2025-10-04T14:43:00Z,2025-11-07T05:49:00Z,aaaaaaaa-0001-0000-0000-000000000001,bbbbbbbb-0002-0000-0000-000000000002
cccccccc-0018-0000-0000-000000000000,PO-2025-00018,FOURNISSEUR,EN_COURS,NORMALE,Emballage,2025-02-18T02:11:00Z,2025-06-20,,2025-10-14T18:57:00Z,22361.40,EUR,59.9,2025-02-18T02:11:00Z,2025-10-14T18:57:00Z,aaaaaaaa-0001-0000-0000-000000000001,bbbbbbbb-0002-0000-0000-000000000002
cccccccc-0019-0000-0000-000000000000,PO-2025-00019,FOURNISSEUR,EN_COURS,NORMALE,Fournitures bureau,2025-07-01T14:55:00Z,2025-08-24,,2025-08-18T14:44:00Z,61930.79,USD,69.7,2025-07-01T14:55:00Z,2025-08-18T14:44:00Z,aaaaaaaa-0004-0000-0000-000000000004,bbbbbbbb-0002-0000-0000-000000000002
cccccccc-0020-0000-0000-000000000000,PO-2025-00020,FOURNISSEUR,EN_ATTENTE,CRITIQUE,Pieces detachees,2025-10-17T20:24:00Z,2025-12-08,,2025-09-21T17:33:00Z,2052.36,EUR,89.6,2025-10-17T20:24:00Z,2025-09-21T17:33:00Z,aaaaaaaa-0003-0000-0000-000000000003,bbbbbbbb-0002-0000-0000-000000000002
cccccccc-0021-0000-0000-000000000000,PO-2025-00021,FOURNISSEUR,EN_COURS,NORMALE,Matieres premieres,2025-04-25T10:32:00Z,2025-12-16,,2025-08-02T21:16:00Z,1583.31,MAD,0.6,2025-04-25T10:32:00Z,2025-08-02T21:16:00Z,aaaaaaaa-0002-0000-0000-000000000002,bbbbbbbb-0002-0000-0000-000000000002
cccccccc-0022-0000-0000-000000000000,PO-2025-00022,FOURNISSEUR,LIVRE,NORMALE,Pieces detachees,2025-04-18T06:34:00Z,2025-06-23,2025-06-16,2025-09-27T02:01:00Z,18501.00,MAD,84.2,2025-04-18T06:34:00Z,2025-09-27T02:01:00Z,aaaaaaaa-0002-0000-0000-000000000002,bbbbbbbb-0002-0000-0000-000000000002
cccccccc-0023-0000-0000-000000000000,PO-2025-00023,FOURNISSEUR,EN_COURS,NORMALE,Produits chimiques,2025-01-07T21:55:00Z,2025-05-08,,2025-08-02T13:04:00Z,169012.14,EUR,7.4,2025-01-07T21:55:00Z,2025-08-02T13:04:00Z,aaaaaaaa-0003-0000-0000-000000000003,bbbbbbbb-0002-0000-0000-000000000002
cccccccc-0024-0000-0000-000000000000,PO-2025-00024,FOURNISSEUR,EN_ATTENTE,CRITIQUE,Textile,2025-02-03T14:31:00Z,2025-10-06,,2025-07-15T20:07:00Z,1700.39,EUR,64.0,2025-02-03T14:31:00Z,2025-07-15T20:07:00Z,aaaaaaaa-0001-0000-0000-000000000001,bbbbbbbb-0002-0000-0000-000000000002
cccccccc-0025-0000-0000-000000000000,PO-2025-00025,FOURNISSEUR,EN_COURS,HAUTE,Emballage,2025-07-24T07:30:00Z,2025-11-21,,2025-07-07T04:28:00Z,1109.80,MAD,12.6,2025-07-24T07:30:00Z,2025-07-07T04:28:00Z,aaaaaaaa-0001-0000-0000-000000000001,bbbbbbbb-0002-0000-0000-000000000002
cccccccc-0026-0000-0000-000000000000,PO-2025-00026,FOURNISSEUR,EN_COURS,HAUTE,Emballage,2025-05-23T14:37:00Z,2025-03-19,,2025-11-04T07:55:00Z,5508.30,EUR,92.0,2025-05-23T14:37:00Z,2025-11-04T07:55:00Z,aaaaaaaa-0002-0000-0000-000000000002,bbbbbbbb-0002-0000-0000-000000000002
cccccccc-0027-0000-0000-000000000000,PO-2025-00027,FOURNISSEUR,EN_COURS,NORMALE,Logistique,2025-08-01T08:07:00Z,2025-09-02,,2025-10-09T23:58:00Z,43678.16,EUR,62.2,2025-08-01T08:07:00Z,2025-10-09T23:58:00Z,aaaaaaaa-0001-0000-0000-000000000001,bbbbbbbb-0002-0000-0000-000000000002
cccccccc-0028-0000-0000-000000000000,PO-2025-00028,FOURNISSEUR,EN_COURS,NORMALE,Electronique,2025-04-04T22:31:00Z,2025-10-07,,2025-12-03T10:25:00Z,2760.88,EUR,95.7,2025-04-04T22:31:00Z,2025-12-03T10:25:00Z,aaaaaaaa-0004-0000-0000-000000000004,bbbbbbbb-0002-0000-0000-000000000002
cccccccc-0029-0000-0000-000000000000,PO-2025-00029,FOURNISSEUR,EN_COURS,NORMALE,Pieces detachees,2025-09-19T12:57:00Z,2025-12-04,,2025-08-18T15:54:00Z,32309.51,MAD,56.3,2025-09-19T12:57:00Z,2025-08-18T15:54:00Z,aaaaaaaa-0001-0000-0000-000000000001,bbbbbbbb-0002-0000-0000-000000000002
cccccccc-0030-0000-0000-000000000000,PO-2025-00030,FOURNISSEUR,EN_COURS,NORMALE,Emballage,2025-02-07T13:26:00Z,2025-11-21,,2025-09-06T03:03:00Z,8625.14,EUR,51.1,2025-02-07T13:26:00Z,2025-09-06T03:03:00Z,aaaaaaaa-0003-0000-0000-000000000003,bbbbbbbb-0002-0000-0000-000000000002
cccccccc-0031-0000-0000-000000000000,PO-2025-00031,FOURNISSEUR,EN_COURS,NORMALE,Fournitures bureau,2025-05-02T19:08:00Z,2025-09-02,,2025-07-24T11:01:00Z,1334.16,USD,73.5,2025-05-02T19:08:00Z,2025-07-24T11:01:00Z,aaaaaaaa-0002-0000-0000-000000000002,bbbbbbbb-0002-0000-0000-000000000002
cccccccc-0032-0000-0000-000000000000,PO-2025-00032,FOURNISSEUR,EN_COURS,CRITIQUE,Fournitures bureau,2025-06-16T18:50:00Z,2025-04-12,,2025-10-22T10:35:00Z,1683.84,MAD,25.8,2025-06-16T18:50:00Z,2025-10-22T10:35:00Z,aaaaaaaa-0002-0000-0000-000000000002,bbbbbbbb-0002-0000-0000-000000000002
cccccccc-0033-0000-0000-000000000000,PO-2025-00033,FOURNISSEUR,EN_COURS,NORMALE,Logistique,2025-04-25T22:14:00Z,2025-10-14,,2025-09-15T05:51:00Z,8337.05,USD,34.5,2025-04-25T22:14:00Z,2025-09-15T05:51:00Z,aaaaaaaa-0002-0000-0000-000000000002,bbbbbbbb-0002-0000-0000-000000000002
cccccccc-0034-0000-0000-000000000000,PO-2025-00034,FOURNISSEUR,LIVRE,CRITIQUE,Produits chimiques,2025-10-28T11:28:00Z,2025-10-14,2025-06-01,2025-12-01T19:18:00Z,3087.40,MAD,17.8,2025-10-28T11:28:00Z,2025-12-01T19:18:00Z,aaaaaaaa-0003-0000-0000-000000000003,bbbbbbbb-0002-0000-0000-000000000002
cccccccc-0035-0000-0000-000000000000,PO-2025-00035,FOURNISSEUR,EN_COURS,NORMALE,Electronique,2025-03-05T21:13:00Z,2025-09-25,,2025-08-23T01:37:00Z,3290.00,EUR,19.3,2025-03-05T21:13:00Z,2025-08-23T01:37:00Z,aaaaaaaa-0002-0000-0000-000000000002,bbbbbbbb-0002-0000-0000-000000000002
cccccccc-0036-0000-0000-000000000000,PO-2025-00036,FOURNISSEUR,BLOQUE,NORMALE,Produits chimiques,2025-07-04T09:07:00Z,2025-12-14,,2025-09-06T16:10:00Z,1146.12,EUR,28.8,2025-07-04T09:07:00Z,2025-09-06T16:10:00Z,aaaaaaaa-0005-0000-0000-000000000005,bbbbbbbb-0002-0000-0000-000000000002
cccccccc-0037-0000-0000-000000000000,PO-2025-00037,FOURNISSEUR,LIVRE,CRITIQUE,Logistique,2025-09-01T16:45:00Z,2025-08-22,2025-08-25,2025-11-03T13:04:00Z,532.13,MAD,8.9,2025-09-01T16:45:00Z,2025-11-03T13:04:00Z,aaaaaaaa-0003-0000-0000-000000000003,bbbbbbbb-0002-0000-0000-000000000002
cccccccc-0038-0000-0000-000000000000,PO-2025-00038,FOURNISSEUR,LIVRE,NORMALE,Logistique,2025-08-02T06:01:00Z,2025-07-15,2025-09-13,2025-07-16T02:05:00Z,47715.47,MAD,31.0,2025-08-02T06:01:00Z,2025-07-16T02:05:00Z,aaaaaaaa-0001-0000-0000-000000000001,bbbbbbbb-0002-0000-0000-000000000002
cccccccc-0039-0000-0000-000000000000,PO-2025-00039,FOURNISSEUR,EN_COURS,HAUTE,Pieces detachees,2025-08-02T01:21:00Z,2025-03-20,,2025-08-09T18:32:00Z,6591.76,USD,45.9,2025-08-02T01:21:00Z,2025-08-09T18:32:00Z,aaaaaaaa-0001-0000-0000-000000000001,bbbbbbbb-0002-0000-0000-000000000002
cccccccc-0040-0000-0000-000000000000,PO-2025-00040,FOURNISSEUR,ANNULE,NORMALE,Produits chimiques,2025-08-19T20:06:00Z,2025-06-03,,2025-08-02T06:04:00Z,41528.28,MAD,81.1,2025-08-19T20:06:00Z,2025-08-02T06:04:00Z,aaaaaaaa-0001-0000-0000-000000000001,bbbbbbbb-0002-0000-0000-000000000002
cccccccc-0041-0000-0000-000000000000,PO-2025-00041,FOURNISSEUR,EN_COURS,CRITIQUE,Matieres premieres,2025-02-04T13:13:00Z,2025-04-17,,2025-10-22T14:44:00Z,14180.40,MAD,5.1,2025-02-04T13:13:00Z,2025-10-22T14:44:00Z,aaaaaaaa-0001-0000-0000-000000000001,bbbbbbbb-0002-0000-0000-000000000002
cccccccc-0042-0000-0000-000000000000,PO-2025-00042,FOURNISSEUR,EN_COURS,HAUTE,Fournitures bureau,2025-04-19T17:02:00Z,2025-06-21,,2025-12-06T17:18:00Z,10248.02,MAD,16.5,2025-04-19T17:02:00Z,2025-12-06T17:18:00Z,aaaaaaaa-0004-0000-0000-000000000004,bbbbbbbb-0002-0000-0000-000000000002
cccccccc-0043-0000-0000-000000000000,PO-2025-00043,FOURNISSEUR,EN_COURS,NORMALE,Logistique,2025-10-24T07:06:00Z,2025-09-17,,2025-09-09T02:47:00Z,4202.20,MAD,37.5,2025-10-24T07:06:00Z,2025-09-09T02:47:00Z,aaaaaaaa-0001-0000-0000-000000000001,bbbbbbbb-0002-0000-0000-000000000002
cccccccc-0044-0000-0000-000000000000,PO-2025-00044,FOURNISSEUR,ANNULE,HAUTE,Textile,2025-08-22T00:37:00Z,2025-09-17,,2025-12-03T14:19:00Z,2985.60,EUR,90.7,2025-08-22T00:37:00Z,2025-12-03T14:19:00Z,aaaaaaaa-0002-0000-0000-000000000002,bbbbbbbb-0002-0000-0000-000000000002
cccccccc-0045-0000-0000-000000000000,PO-2025-00045,FOURNISSEUR,EN_COURS,NORMALE,Matieres premieres,2025-07-27T00:45:00Z,2025-12-03,,2025-07-16T14:21:00Z,959.44,MAD,37.3,2025-07-27T00:45:00Z,2025-07-16T14:21:00Z,aaaaaaaa-0003-0000-0000-000000000003,bbbbbbbb-0002-0000-0000-000000000002
cccccccc-0046-0000-0000-000000000000,PO-2025-00046,FOURNISSEUR,LIVRE,NORMALE,Textile,2025-06-17T12:14:00Z,2025-04-18,2025-07-02,2025-12-04T16:03:00Z,1016.54,MAD,75.5,2025-06-17T12:14:00Z,2025-12-04T16:03:00Z,aaaaaaaa-0004-0000-0000-000000000004,bbbbbbbb-0002-0000-0000-000000000002
cccccccc-0047-0000-0000-000000000000,PO-2025-00047,FOURNISSEUR,EN_COURS,NORMALE,Emballage,2025-01-25T01:20:00Z,2025-10-02,,2025-08-20T14:52:00Z,3780.43,EUR,39.3,2025-01-25T01:20:00Z,2025-08-20T14:52:00Z,aaaaaaaa-0001-0000-0000-000000000001,bbbbbbbb-0002-0000-0000-000000000002
cccccccc-0048-0000-0000-000000000000,PO-2025-00048,FOURNISSEUR,EN_COURS,HAUTE,Emballage,2025-06-25T19:32:00Z,2025-05-07,,2025-07-06T09:01:00Z,442.20,EUR,2.3,2025-06-25T19:32:00Z,2025-07-06T09:01:00Z,aaaaaaaa-0001-0000-0000-000000000001,bbbbbbbb-0002-0000-0000-000000000002
cccccccc-0049-0000-0000-000000000000,PO-2025-00049,FOURNISSEUR,ANNULE,NORMALE,Emballage,2025-05-11T04:44:00Z,2025-12-13,,2025-08-26T18:07:00Z,3198.12,MAD,46.6,2025-05-11T04:44:00Z,2025-08-26T18:07:00Z,aaaaaaaa-0001-0000-0000-000000000001,bbbbbbbb-0002-0000-0000-000000000002
cccccccc-0050-0000-0000-000000000000,PO-2025-00050,FOURNISSEUR,EN_COURS,HAUTE,Textile,2025-01-27T08:57:00Z,2025-05-11,,2025-06-14T13:37:00Z,1939.58,EUR,53.5,2025-01-27T08:57:00Z,2025-06-14T13:37:00Z,aaaaaaaa-0005-0000-0000-000000000005,bbbbbbbb-0002-0000-0000-000000000002
cccccccc-0051-0000-0000-000000000000,PO-2025-00051,FOURNISSEUR,LIVRE,HAUTE,Produits chimiques,2025-05-13T12:59:00Z,2025-08-20,2025-04-09,2025-07-05T09:34:00Z,13911.08,USD,69.2,2025-05-13T12:59:00Z,2025-07-05T09:34:00Z,aaaaaaaa-0003-0000-0000-000000000003,bbbbbbbb-0002-0000-0000-000000000002
cccccccc-0052-0000-0000-000000000000,PO-2025-00052,FOURNISSEUR,LIVRE,NORMALE,Electronique,2025-03-01T08:36:00Z,2025-08-24,2025-12-20,2025-11-25T14:36:00Z,152.88,MAD,71.8,2025-03-01T08:36:00Z,2025-11-25T14:36:00Z,aaaaaaaa-0002-0000-0000-000000000002,bbbbbbbb-0002-0000-0000-000000000002
cccccccc-0053-0000-0000-000000000000,PO-2025-00053,FOURNISSEUR,EN_COURS,HAUTE,Electronique,2025-07-18T00:07:00Z,2025-05-15,,2025-12-08T02:40:00Z,4415.08,EUR,47.8,2025-07-18T00:07:00Z,2025-12-08T02:40:00Z,aaaaaaaa-0005-0000-0000-000000000005,bbbbbbbb-0002-0000-0000-000000000002
cccccccc-0054-0000-0000-000000000000,PO-2025-00054,FOURNISSEUR,LIVRE,NORMALE,Fournitures bureau,2025-05-21T15:38:00Z,2025-03-12,2025-11-02,2025-06-27T17:21:00Z,3152.70,EUR,20.3,2025-05-21T15:38:00Z,2025-06-27T17:21:00Z,aaaaaaaa-0001-0000-0000-000000000001,bbbbbbbb-0002-0000-0000-000000000002
cccccccc-0055-0000-0000-000000000000,PO-2025-00055,FOURNISSEUR,EN_COURS,HAUTE,Electronique,2025-10-17T03:45:00Z,2025-11-08,,2025-12-23T14:42:00Z,3532.10,USD,4.0,2025-10-17T03:45:00Z,2025-12-23T14:42:00Z,aaaaaaaa-0005-0000-0000-000000000005,bbbbbbbb-0002-0000-0000-000000000002
cccccccc-0056-0000-0000-000000000000,PO-2025-00056,FOURNISSEUR,LIVRE,HAUTE,Logistique,2025-04-19T00:02:00Z,2025-11-15,2025-09-02,2025-08-16T06:19:00Z,87787.67,EUR,28.3,2025-04-19T00:02:00Z,2025-08-16T06:19:00Z,aaaaaaaa-0005-0000-0000-000000000005,bbbbbbbb-0002-0000-0000-000000000002
cccccccc-0057-0000-0000-000000000000,PO-2025-00057,FOURNISSEUR,BLOQUE,HAUTE,Matieres premieres,2025-05-06T07:37:00Z,2025-03-19,,2025-10-11T01:25:00Z,970.76,MAD,82.8,2025-05-06T07:37:00Z,2025-10-11T01:25:00Z,aaaaaaaa-0003-0000-0000-000000000003,bbbbbbbb-0002-0000-0000-000000000002
cccccccc-0058-0000-0000-000000000000,PO-2025-00058,FOURNISSEUR,EN_COURS,HAUTE,Textile,2025-09-18T19:41:00Z,2025-11-03,,2025-06-09T17:24:00Z,507.87,USD,75.7,2025-09-18T19:41:00Z,2025-06-09T17:24:00Z,aaaaaaaa-0001-0000-0000-000000000001,bbbbbbbb-0002-0000-0000-000000000002
cccccccc-0059-0000-0000-000000000000,PO-2025-00059,FOURNISSEUR,LIVRE,HAUTE,Matieres premieres,2025-04-09T14:28:00Z,2025-06-08,2025-07-28,2025-10-19T06:25:00Z,14863.35,MAD,31.0,2025-04-09T14:28:00Z,2025-10-19T06:25:00Z,aaaaaaaa-0003-0000-0000-000000000003,bbbbbbbb-0002-0000-0000-000000000002
cccccccc-0060-0000-0000-000000000000,PO-2025-00060,FOURNISSEUR,EN_COURS,HAUTE,Electronique,2025-03-10T04:12:00Z,2025-12-26,,2025-10-23T13:41:00Z,3701.13,USD,94.2,2025-03-10T04:12:00Z,2025-10-23T13:41:00Z,aaaaaaaa-0001-0000-0000-000000000001,bbbbbbbb-0002-0000-0000-000000000002
cccccccc-0061-0000-0000-000000000000,PO-2025-00061,FOURNISSEUR,EN_COURS,HAUTE,Textile,2025-07-01T17:34:00Z,2025-11-28,,2025-07-02T20:42:00Z,895.44,EUR,23.9,2025-07-01T17:34:00Z,2025-07-02T20:42:00Z,aaaaaaaa-0004-0000-0000-000000000004,bbbbbbbb-0002-0000-0000-000000000002
cccccccc-0062-0000-0000-000000000000,PO-2025-00062,FOURNISSEUR,EN_COURS,NORMALE,Emballage,2025-05-24T01:05:00Z,2025-07-24,,2025-12-14T15:23:00Z,172487.13,EUR,1.5,2025-05-24T01:05:00Z,2025-12-14T15:23:00Z,aaaaaaaa-0002-0000-0000-000000000002,bbbbbbbb-0002-0000-0000-000000000002
cccccccc-0063-0000-0000-000000000000,PO-2025-00063,FOURNISSEUR,EN_COURS,NORMALE,Produits chimiques,2025-09-15T04:56:00Z,2025-07-28,,2025-11-24T18:22:00Z,166629.14,MAD,81.2,2025-09-15T04:56:00Z,2025-11-24T18:22:00Z,aaaaaaaa-0002-0000-0000-000000000002,bbbbbbbb-0002-0000-0000-000000000002
cccccccc-0064-0000-0000-000000000000,PO-2025-00064,FOURNISSEUR,EN_ATTENTE,NORMALE,Electronique,2025-01-03T00:09:00Z,2025-09-18,,2025-09-13T19:32:00Z,1428.70,EUR,49.1,2025-01-03T00:09:00Z,2025-09-13T19:32:00Z,aaaaaaaa-0004-0000-0000-000000000004,bbbbbbbb-0002-0000-0000-000000000002
cccccccc-0065-0000-0000-000000000000,PO-2025-00065,FOURNISSEUR,EN_COURS,NORMALE,Electronique,2025-04-19T11:18:00Z,2025-09-15,,2025-09-17T02:52:00Z,3092.61,MAD,32.2,2025-04-19T11:18:00Z,2025-09-17T02:52:00Z,aaaaaaaa-0002-0000-0000-000000000002,bbbbbbbb-0002-0000-0000-000000000002
cccccccc-0066-0000-0000-000000000000,PO-2025-00066,FOURNISSEUR,EN_COURS,NORMALE,Produits chimiques,2025-03-28T12:00:00Z,2025-11-16,,2025-11-02T07:01:00Z,15203.44,EUR,91.0,2025-03-28T12:00:00Z,2025-11-02T07:01:00Z,aaaaaaaa-0005-0000-0000-000000000005,bbbbbbbb-0002-0000-0000-000000000002
cccccccc-0067-0000-0000-000000000000,PO-2025-00067,FOURNISSEUR,EN_COURS,NORMALE,Electronique,2025-03-23T23:58:00Z,2025-10-18,,2025-11-22T01:50:00Z,37805.19,EUR,88.3,2025-03-23T23:58:00Z,2025-11-22T01:50:00Z,aaaaaaaa-0001-0000-0000-000000000001,bbbbbbbb-0002-0000-0000-000000000002
cccccccc-0068-0000-0000-000000000000,PO-2025-00068,FOURNISSEUR,EN_COURS,NORMALE,Emballage,2025-05-19T09:59:00Z,2025-11-04,,2025-12-05T18:17:00Z,70953.73,USD,0.2,2025-05-19T09:59:00Z,2025-12-05T18:17:00Z,aaaaaaaa-0003-0000-0000-000000000003,bbbbbbbb-0002-0000-0000-000000000002
cccccccc-0069-0000-0000-000000000000,PO-2025-00069,FOURNISSEUR,EN_COURS,NORMALE,Pieces detachees,2025-07-04T14:29:00Z,2025-09-14,,2025-11-10T06:33:00Z,11209.55,EUR,38.5,2025-07-04T14:29:00Z,2025-11-10T06:33:00Z,aaaaaaaa-0001-0000-0000-000000000001,bbbbbbbb-0002-0000-0000-000000000002
cccccccc-0070-0000-0000-000000000000,PO-2025-00070,FOURNISSEUR,LIVRE,NORMALE,Electronique,2025-07-15T20:53:00Z,2025-06-01,2025-04-06,2025-12-27T07:51:00Z,1426.95,MAD,63.5,2025-07-15T20:53:00Z,2025-12-27T07:51:00Z,aaaaaaaa-0001-0000-0000-000000000001,bbbbbbbb-0002-0000-0000-000000000002
cccccccc-0071-0000-0000-000000000000,PO-2025-00071,FOURNISSEUR,EN_COURS,NORMALE,Textile,2025-05-11T18:18:00Z,2025-06-20,,2025-07-08T18:39:00Z,25431.80,MAD,62.1,2025-05-11T18:18:00Z,2025-07-08T18:39:00Z,aaaaaaaa-0001-0000-0000-000000000001,bbbbbbbb-0002-0000-0000-000000000002
cccccccc-0072-0000-0000-000000000000,PO-2025-00072,FOURNISSEUR,LIVRE,HAUTE,Matieres premieres,2025-06-26T18:11:00Z,2025-10-05,2025-09-09,2025-06-19T16:38:00Z,4872.68,MAD,46.5,2025-06-26T18:11:00Z,2025-06-19T16:38:00Z,aaaaaaaa-0001-0000-0000-000000000001,bbbbbbbb-0002-0000-0000-000000000002
cccccccc-0073-0000-0000-000000000000,PO-2025-00073,FOURNISSEUR,EN_COURS,HAUTE,Electronique,2025-08-21T07:55:00Z,2025-03-04,,2025-09-19T21:01:00Z,1092.36,MAD,84.4,2025-08-21T07:55:00Z,2025-09-19T21:01:00Z,aaaaaaaa-0002-0000-0000-000000000002,bbbbbbbb-0002-0000-0000-000000000002
cccccccc-0074-0000-0000-000000000000,PO-2025-00074,FOURNISSEUR,EN_COURS,HAUTE,Emballage,2025-02-02T18:21:00Z,2025-08-17,,2025-12-28T12:22:00Z,8089.01,USD,59.5,2025-02-02T18:21:00Z,2025-12-28T12:22:00Z,aaaaaaaa-0003-0000-0000-000000000003,bbbbbbbb-0002-0000-0000-000000000002
cccccccc-0075-0000-0000-000000000000,PO-2025-00075,FOURNISSEUR,EN_ATTENTE,CRITIQUE,Produits chimiques,2025-02-19T21:52:00Z,2025-08-27,,2025-07-23T21:45:00Z,10239.41,MAD,14.7,2025-02-19T21:52:00Z,2025-07-23T21:45:00Z,aaaaaaaa-0003-0000-0000-000000000003,bbbbbbbb-0002-0000-0000-000000000002
cccccccc-0076-0000-0000-000000000000,PO-2025-00076,FOURNISSEUR,EN_COURS,CRITIQUE,Logistique,2025-08-19T17:43:00Z,2025-05-12,,2025-10-11T21:44:00Z,2606.40,EUR,26.7,2025-08-19T17:43:00Z,2025-10-11T21:44:00Z,aaaaaaaa-0002-0000-0000-000000000002,bbbbbbbb-0002-0000-0000-000000000002
cccccccc-0077-0000-0000-000000000000,PO-2025-00077,FOURNISSEUR,EN_ATTENTE,HAUTE,Logistique,2025-10-24T00:43:00Z,2025-05-21,,2025-11-15T10:14:00Z,26178.12,USD,31.7,2025-10-24T00:43:00Z,2025-11-15T10:14:00Z,aaaaaaaa-0005-0000-0000-000000000005,bbbbbbbb-0002-0000-0000-000000000002
cccccccc-0078-0000-0000-000000000000,PO-2025-00078,FOURNISSEUR,EN_COURS,NORMALE,Matieres premieres,2025-04-18T11:16:00Z,2025-09-10,,2025-09-04T14:54:00Z,15025.92,EUR,65.6,2025-04-18T11:16:00Z,2025-09-04T14:54:00Z,aaaaaaaa-0001-0000-0000-000000000001,bbbbbbbb-0002-0000-0000-000000000002
cccccccc-0079-0000-0000-000000000000,PO-2025-00079,FOURNISSEUR,LIVRE,NORMALE,Logistique,2025-08-21T16:39:00Z,2025-05-06,2025-12-01,2025-12-09T17:35:00Z,5638.19,EUR,42.0,2025-08-21T16:39:00Z,2025-12-09T17:35:00Z,aaaaaaaa-0003-0000-0000-000000000003,bbbbbbbb-0002-0000-0000-000000000002
cccccccc-0080-0000-0000-000000000000,PO-2025-00080,FOURNISSEUR,EN_COURS,HAUTE,Emballage,2025-08-09T01:06:00Z,2025-04-19,,2025-10-04T23:57:00Z,42410.03,MAD,7.0,2025-08-09T01:06:00Z,2025-10-04T23:57:00Z,aaaaaaaa-0003-0000-0000-000000000003,bbbbbbbb-0002-0000-0000-000000000002
cccccccc-0081-0000-0000-000000000000,PO-2025-00081,FOURNISSEUR,LIVRE,CRITIQUE,Electronique,2025-02-23T22:35:00Z,2025-07-02,2025-04-02,2025-11-07T16:10:00Z,2641.09,MAD,79.2,2025-02-23T22:35:00Z,2025-11-07T16:10:00Z,aaaaaaaa-0001-0000-0000-000000000001,bbbbbbbb-0002-0000-0000-000000000002
cccccccc-0082-0000-0000-000000000000,PO-2025-00082,FOURNISSEUR,ANNULE,NORMALE,Produits chimiques,2025-08-25T13:48:00Z,2025-08-16,,2025-06-23T07:36:00Z,372.23,MAD,41.3,2025-08-25T13:48:00Z,2025-06-23T07:36:00Z,aaaaaaaa-0001-0000-0000-000000000001,bbbbbbbb-0002-0000-0000-000000000002
cccccccc-0083-0000-0000-000000000000,PO-2025-00083,FOURNISSEUR,EN_COURS,NORMALE,Electronique,2025-01-25T23:12:00Z,2025-06-02,,2025-12-21T10:12:00Z,1203.85,MAD,62.8,2025-01-25T23:12:00Z,2025-12-21T10:12:00Z,aaaaaaaa-0005-0000-0000-000000000005,bbbbbbbb-0002-0000-0000-000000000002
cccccccc-0084-0000-0000-000000000000,PO-2025-00084,FOURNISSEUR,EN_COURS,NORMALE,Emballage,2025-06-14T07:18:00Z,2025-11-06,,2025-09-15T18:42:00Z,2842.27,MAD,78.1,2025-06-14T07:18:00Z,2025-09-15T18:42:00Z,aaaaaaaa-0004-0000-0000-000000000004,bbbbbbbb-0002-0000-0000-000000000002
cccccccc-0085-0000-0000-000000000000,PO-2025-00085,FOURNISSEUR,BLOQUE,NORMALE,Fournitures bureau,2025-04-25T12:10:00Z,2025-08-10,,2025-10-11T07:17:00Z,2269.53,MAD,20.8,2025-04-25T12:10:00Z,2025-10-11T07:17:00Z,aaaaaaaa-0003-0000-0000-000000000003,bbbbbbbb-0002-0000-0000-000000000002
cccccccc-0086-0000-0000-000000000000,PO-2025-00086,FOURNISSEUR,EN_COURS,HAUTE,Matieres premieres,2025-04-13T09:50:00Z,2025-10-04,,2025-09-13T19:25:00Z,166.80,MAD,33.5,2025-04-13T09:50:00Z,2025-09-13T19:25:00Z,aaaaaaaa-0001-0000-0000-000000000001,bbbbbbbb-0002-0000-0000-000000000002
cccccccc-0087-0000-0000-000000000000,PO-2025-00087,FOURNISSEUR,EN_COURS,HAUTE,Textile,2025-09-05T18:57:00Z,2025-12-27,,2025-11-11T07:21:00Z,3714.92,MAD,57.8,2025-09-05T18:57:00Z,2025-11-11T07:21:00Z,aaaaaaaa-0001-0000-0000-000000000001,bbbbbbbb-0002-0000-0000-000000000002
cccccccc-0088-0000-0000-000000000000,PO-2025-00088,FOURNISSEUR,EN_ATTENTE,HAUTE,Pieces detachees,2025-06-14T11:22:00Z,2025-04-13,,2025-11-13T15:32:00Z,127253.08,USD,40.6,2025-06-14T11:22:00Z,2025-11-13T15:32:00Z,aaaaaaaa-0005-0000-0000-000000000005,bbbbbbbb-0002-0000-0000-000000000002
cccccccc-0089-0000-0000-000000000000,PO-2025-00089,FOURNISSEUR,EN_COURS,CRITIQUE,Matieres premieres,2025-09-17T05:49:00Z,2025-10-18,,2025-10-04T23:39:00Z,122422.08,MAD,20.5,2025-09-17T05:49:00Z,2025-10-04T23:39:00Z,aaaaaaaa-0001-0000-0000-000000000001,bbbbbbbb-0002-0000-0000-000000000002
cccccccc-0090-0000-0000-000000000000,PO-2025-00090,FOURNISSEUR,EN_COURS,HAUTE,Pieces detachees,2025-02-20T07:21:00Z,2025-04-03,,2025-06-09T21:52:00Z,53399.13,EUR,78.1,2025-02-20T07:21:00Z,2025-06-09T21:52:00Z,aaaaaaaa-0005-0000-0000-000000000005,bbbbbbbb-0002-0000-0000-000000000002
cccccccc-0091-0000-0000-000000000000,PO-2025-00091,FOURNISSEUR,EN_ATTENTE,HAUTE,Fournitures bureau,2025-03-27T04:30:00Z,2025-03-15,,2025-12-01T07:20:00Z,15848.80,EUR,74.5,2025-03-27T04:30:00Z,2025-12-01T07:20:00Z,aaaaaaaa-0002-0000-0000-000000000002,bbbbbbbb-0002-0000-0000-000000000002
cccccccc-0092-0000-0000-000000000000,PO-2025-00092,FOURNISSEUR,EN_COURS,CRITIQUE,Logistique,2025-10-20T21:37:00Z,2025-04-03,,2025-09-18T05:25:00Z,26227.24,MAD,51.6,2025-10-20T21:37:00Z,2025-09-18T05:25:00Z,aaaaaaaa-0004-0000-0000-000000000004,bbbbbbbb-0002-0000-0000-000000000002
cccccccc-0093-0000-0000-000000000000,PO-2025-00093,FOURNISSEUR,LIVRE,NORMALE,Textile,2025-03-28T23:33:00Z,2025-10-01,2025-09-02,2025-06-13T15:04:00Z,2126.28,USD,53.5,2025-03-28T23:33:00Z,2025-06-13T15:04:00Z,aaaaaaaa-0004-0000-0000-000000000004,bbbbbbbb-0002-0000-0000-000000000002
cccccccc-0094-0000-0000-000000000000,PO-2025-00094,FOURNISSEUR,EN_COURS,HAUTE,Produits chimiques,2025-02-25T07:17:00Z,2025-07-05,,2025-11-13T02:05:00Z,32.90,USD,14.5,2025-02-25T07:17:00Z,2025-11-13T02:05:00Z,aaaaaaaa-0005-0000-0000-000000000005,bbbbbbbb-0002-0000-0000-000000000002
cccccccc-0095-0000-0000-000000000000,PO-2025-00095,FOURNISSEUR,LIVRE,NORMALE,Produits chimiques,2025-02-01T00:44:00Z,2025-03-12,2025-04-08,2025-09-17T18:35:00Z,4671.60,MAD,90.7,2025-02-01T00:44:00Z,2025-09-17T18:35:00Z,aaaaaaaa-0001-0000-0000-000000000001,bbbbbbbb-0002-0000-0000-000000000002
cccccccc-0096-0000-0000-000000000000,PO-2025-00096,FOURNISSEUR,LIVRE,NORMALE,Electronique,2025-04-09T00:15:00Z,2025-06-10,2025-04-20,2025-10-26T22:24:00Z,131407.91,EUR,0.2,2025-04-09T00:15:00Z,2025-10-26T22:24:00Z,aaaaaaaa-0004-0000-0000-000000000004,bbbbbbbb-0002-0000-0000-000000000002
cccccccc-0097-0000-0000-000000000000,PO-2025-00097,FOURNISSEUR,LIVRE,NORMALE,Fournitures bureau,2025-05-08T02:15:00Z,2025-12-26,2025-04-15,2025-12-06T13:01:00Z,89415.62,MAD,38.1,2025-05-08T02:15:00Z,2025-12-06T13:01:00Z,aaaaaaaa-0003-0000-0000-000000000003,bbbbbbbb-0002-0000-0000-000000000002
cccccccc-0098-0000-0000-000000000000,PO-2025-00098,FOURNISSEUR,EN_ATTENTE,NORMALE,Pieces detachees,2025-04-06T13:14:00Z,2025-05-07,,2025-12-10T20:42:00Z,1168.44,USD,13.7,2025-04-06T13:14:00Z,2025-12-10T20:42:00Z,aaaaaaaa-0002-0000-0000-000000000002,bbbbbbbb-0002-0000-0000-000000000002
cccccccc-0099-0000-0000-000000000000,PO-2025-00099,FOURNISSEUR,EN_COURS,HAUTE,Produits chimiques,2025-05-16T23:19:00Z,2025-11-23,,2025-06-27T10:06:00Z,31189.35,EUR,67.9,2025-05-16T23:19:00Z,2025-06-27T10:06:00Z,aaaaaaaa-0003-0000-0000-000000000003,bbbbbbbb-0002-0000-0000-000000000002
cccccccc-0100-0000-0000-000000000000,PO-2025-00100,FOURNISSEUR,EN_COURS,HAUTE,Logistique,2025-04-01T17:56:00Z,2025-04-13,,2025-10-01T22:07:00Z,6860.84,MAD,11.6,2025-04-01T17:56:00Z,2025-10-01T22:07:00Z,aaaaaaaa-0002-0000-0000-000000000002,bbbbbbbb-0002-0000-0000-000000000002
cccccccc-0101-0000-0000-000000000000,PO-2025-00101,FOURNISSEUR,EN_COURS,NORMALE,Emballage,2025-08-20T13:07:00Z,2025-11-03,,2025-09-25T17:56:00Z,3225.66,MAD,0.7,2025-08-20T13:07:00Z,2025-09-25T17:56:00Z,aaaaaaaa-0003-0000-0000-000000000003,bbbbbbbb-0002-0000-0000-000000000002
cccccccc-0102-0000-0000-000000000000,PO-2025-00102,FOURNISSEUR,ANNULE,NORMALE,Electronique,2025-10-25T08:01:00Z,2025-11-13,,2025-12-02T22:23:00Z,8287.97,MAD,66.2,2025-10-25T08:01:00Z,2025-12-02T22:23:00Z,aaaaaaaa-0005-0000-0000-000000000005,bbbbbbbb-0002-0000-0000-000000000002
cccccccc-0103-0000-0000-000000000000,PO-2025-00103,FOURNISSEUR,BLOQUE,NORMALE,Logistique,2025-03-01T16:25:00Z,2025-12-01,,2025-09-14T03:34:00Z,174423.85,EUR,48.1,2025-03-01T16:25:00Z,2025-09-14T03:34:00Z,aaaaaaaa-0002-0000-0000-000000000002,bbbbbbbb-0002-0000-0000-000000000002
cccccccc-0104-0000-0000-000000000000,PO-2025-00104,FOURNISSEUR,BLOQUE,HAUTE,Textile,2025-02-19T03:15:00Z,2025-08-07,,2025-10-28T14:59:00Z,3822.16,EUR,20.6,2025-02-19T03:15:00Z,2025-10-28T14:59:00Z,aaaaaaaa-0004-0000-0000-000000000004,bbbbbbbb-0002-0000-0000-000000000002
cccccccc-0105-0000-0000-000000000000,PO-2025-00105,FOURNISSEUR,EN_COURS,NORMALE,Emballage,2025-03-07T03:44:00Z,2025-06-21,,2025-07-12T01:02:00Z,2318.81,MAD,33.5,2025-03-07T03:44:00Z,2025-07-12T01:02:00Z,aaaaaaaa-0002-0000-0000-000000000002,bbbbbbbb-0002-0000-0000-000000000002
cccccccc-0106-0000-0000-000000000000,PO-2025-00106,FOURNISSEUR,EN_COURS,NORMALE,Fournitures bureau,2025-05-06T13:58:00Z,2025-06-06,,2025-08-26T17:48:00Z,3429.97,MAD,8.7,2025-05-06T13:58:00Z,2025-08-26T17:48:00Z,aaaaaaaa-0005-0000-0000-000000000005,bbbbbbbb-0002-0000-0000-000000000002
cccccccc-0107-0000-0000-000000000000,PO-2025-00107,FOURNISSEUR,EN_COURS,NORMALE,Matieres premieres,2025-10-07T08:22:00Z,2025-10-17,,2025-06-17T02:02:00Z,10632.44,MAD,71.2,2025-10-07T08:22:00Z,2025-06-17T02:02:00Z,aaaaaaaa-0002-0000-0000-000000000002,bbbbbbbb-0002-0000-0000-000000000002
cccccccc-0108-0000-0000-000000000000,PO-2025-00108,FOURNISSEUR,BLOQUE,HAUTE,Electronique,2025-04-06T05:14:00Z,2025-11-21,,2025-08-01T13:02:00Z,117411.34,MAD,78.6,2025-04-06T05:14:00Z,2025-08-01T13:02:00Z,aaaaaaaa-0004-0000-0000-000000000004,bbbbbbbb-0002-0000-0000-000000000002
cccccccc-0109-0000-0000-000000000000,PO-2025-00109,FOURNISSEUR,BLOQUE,NORMALE,Logistique,2025-02-16T03:06:00Z,2025-06-17,,2025-12-13T11:58:00Z,4928.88,USD,36.2,2025-02-16T03:06:00Z,2025-12-13T11:58:00Z,aaaaaaaa-0003-0000-0000-000000000003,bbbbbbbb-0002-0000-0000-000000000002
cccccccc-0110-0000-0000-000000000000,PO-2025-00110,FOURNISSEUR,EN_COURS,CRITIQUE,Matieres premieres,2025-02-26T00:33:00Z,2025-07-03,,2025-07-17T10:30:00Z,268.65,EUR,50.1,2025-02-26T00:33:00Z,2025-07-17T10:30:00Z,aaaaaaaa-0001-0000-0000-000000000001,bbbbbbbb-0002-0000-0000-000000000002
cccccccc-0111-0000-0000-000000000000,PO-2025-00111,FOURNISSEUR,LIVRE,NORMALE,Fournitures bureau,2025-08-17T11:14:00Z,2025-06-11,2025-04-08,2025-10-08T08:28:00Z,27354.83,EUR,35.7,2025-08-17T11:14:00Z,2025-10-08T08:28:00Z,aaaaaaaa-0003-0000-0000-000000000003,bbbbbbbb-0002-0000-0000-000000000002
cccccccc-0112-0000-0000-000000000000,PO-2025-00112,FOURNISSEUR,EN_COURS,NORMALE,Textile,2025-07-27T17:18:00Z,2025-06-14,,2025-08-27T12:07:00Z,8140.30,MAD,11.6,2025-07-27T17:18:00Z,2025-08-27T12:07:00Z,aaaaaaaa-0001-0000-0000-000000000001,bbbbbbbb-0002-0000-0000-000000000002
cccccccc-0113-0000-0000-000000000000,PO-2025-00113,FOURNISSEUR,EN_COURS,HAUTE,Textile,2025-09-11T16:30:00Z,2025-04-20,,2025-08-18T08:25:00Z,489.06,MAD,1.9,2025-09-11T16:30:00Z,2025-08-18T08:25:00Z,aaaaaaaa-0003-0000-0000-000000000003,bbbbbbbb-0002-0000-0000-000000000002
cccccccc-0114-0000-0000-000000000000,PO-2025-00114,FOURNISSEUR,LIVRE,HAUTE,Logistique,2025-04-21T14:30:00Z,2025-09-04,2025-09-21,2025-06-06T18:33:00Z,176669.04,MAD,85.3,2025-04-21T14:30:00Z,2025-06-06T18:33:00Z,aaaaaaaa-0005-0000-0000-000000000005,bbbbbbbb-0002-0000-0000-000000000002
cccccccc-0115-0000-0000-000000000000,PO-2025-00115,FOURNISSEUR,EN_COURS,CRITIQUE,Matieres premieres,2025-08-19T10:55:00Z,2025-03-21,,2025-12-03T20:29:00Z,72522.06,EUR,51.4,2025-08-19T10:55:00Z,2025-12-03T20:29:00Z,aaaaaaaa-0001-0000-0000-000000000001,bbbbbbbb-0002-0000-0000-000000000002
cccccccc-0116-0000-0000-000000000000,PO-2025-00116,FOURNISSEUR,EN_COURS,NORMALE,Textile,2025-05-26T04:40:00Z,2025-12-10,,2025-11-17T17:08:00Z,6464.92,MAD,97.9,2025-05-26T04:40:00Z,2025-11-17T17:08:00Z,aaaaaaaa-0005-0000-0000-000000000005,bbbbbbbb-0002-0000-0000-000000000002
cccccccc-0117-0000-0000-000000000000,PO-2025-00117,FOURNISSEUR,LIVRE,NORMALE,Logistique,2025-01-13T11:02:00Z,2025-09-25,2025-07-27,2025-09-27T14:12:00Z,14041.96,MAD,94.8,2025-01-13T11:02:00Z,2025-09-27T14:12:00Z,aaaaaaaa-0001-0000-0000-000000000001,bbbbbbbb-0002-0000-0000-000000000002
cccccccc-0118-0000-0000-000000000000,PO-2025-00118,FOURNISSEUR,EN_COURS,NORMALE,Fournitures bureau,2025-08-17T18:44:00Z,2025-09-13,,2025-12-07T11:18:00Z,714.55,MAD,5.7,2025-08-17T18:44:00Z,2025-12-07T11:18:00Z,aaaaaaaa-0002-0000-0000-000000000002,bbbbbbbb-0002-0000-0000-000000000002
cccccccc-0119-0000-0000-000000000000,PO-2025-00119,FOURNISSEUR,LIVRE,NORMALE,Fournitures bureau,2025-02-05T23:41:00Z,2025-07-18,2025-12-13,2025-10-23T01:02:00Z,19597.97,MAD,22.8,2025-02-05T23:41:00Z,2025-10-23T01:02:00Z,aaaaaaaa-0002-0000-0000-000000000002,bbbbbbbb-0002-0000-0000-000000000002
cccccccc-0120-0000-0000-000000000000,PO-2025-00120,FOURNISSEUR,EN_COURS,NORMALE,Matieres premieres,2025-07-10T21:22:00Z,2025-04-10,,2025-12-01T04:34:00Z,11202.48,MAD,64.6,2025-07-10T21:22:00Z,2025-12-01T04:34:00Z,aaaaaaaa-0005-0000-0000-000000000005,bbbbbbbb-0002-0000-0000-000000000002
cccccccc-0121-0000-0000-000000000000,PO-2025-00121,FOURNISSEUR,EN_COURS,NORMALE,Matieres premieres,2025-02-02T22:55:00Z,2025-05-03,,2025-09-25T01:53:00Z,2294.04,MAD,15.1,2025-02-02T22:55:00Z,2025-09-25T01:53:00Z,aaaaaaaa-0002-0000-0000-000000000002,bbbbbbbb-0002-0000-0000-000000000002
cccccccc-0122-0000-0000-000000000000,PO-2025-00122,FOURNISSEUR,LIVRE,NORMALE,Textile,2025-02-17T23:16:00Z,2025-09-15,2025-05-04,2025-12-21T07:40:00Z,9337.54,MAD,22.2,2025-02-17T23:16:00Z,2025-12-21T07:40:00Z,aaaaaaaa-0005-0000-0000-000000000005,bbbbbbbb-0002-0000-0000-000000000002
cccccccc-0123-0000-0000-000000000000,PO-2025-00123,FOURNISSEUR,LIVRE,CRITIQUE,Pieces detachees,2025-10-15T16:31:00Z,2025-09-04,2025-09-05,2025-08-13T04:57:00Z,69864.89,MAD,25.4,2025-10-15T16:31:00Z,2025-08-13T04:57:00Z,aaaaaaaa-0001-0000-0000-000000000001,bbbbbbbb-0002-0000-0000-000000000002
cccccccc-0124-0000-0000-000000000000,PO-2025-00124,FOURNISSEUR,EN_COURS,NORMALE,Fournitures bureau,2025-01-08T23:03:00Z,2025-10-08,,2025-10-17T16:16:00Z,10564.65,USD,89.5,2025-01-08T23:03:00Z,2025-10-17T16:16:00Z,aaaaaaaa-0004-0000-0000-000000000004,bbbbbbbb-0002-0000-0000-000000000002
cccccccc-0125-0000-0000-000000000000,PO-2025-00125,FOURNISSEUR,EN_COURS,CRITIQUE,Textile,2025-05-05T07:24:00Z,2025-09-02,,2025-10-05T01:40:00Z,14506.92,MAD,30.8,2025-05-05T07:24:00Z,2025-10-05T01:40:00Z,aaaaaaaa-0004-0000-0000-000000000004,bbbbbbbb-0002-0000-0000-000000000002
cccccccc-0126-0000-0000-000000000000,PO-2025-00126,FOURNISSEUR,EN_COURS,HAUTE,Logistique,2025-09-05T05:03:00Z,2025-12-19,,2025-07-11T09:59:00Z,3532.32,MAD,23.4,2025-09-05T05:03:00Z,2025-07-11T09:59:00Z,aaaaaaaa-0005-0000-0000-000000000005,bbbbbbbb-0002-0000-0000-000000000002
cccccccc-0127-0000-0000-000000000000,PO-2025-00127,FOURNISSEUR,EN_ATTENTE,NORMALE,Electronique,2025-01-22T09:29:00Z,2025-12-16,,2025-06-13T00:06:00Z,66945.55,EUR,20.4,2025-01-22T09:29:00Z,2025-06-13T00:06:00Z,aaaaaaaa-0003-0000-0000-000000000003,bbbbbbbb-0002-0000-0000-000000000002
cccccccc-0128-0000-0000-000000000000,PO-2025-00128,FOURNISSEUR,EN_COURS,CRITIQUE,Emballage,2025-02-05T17:02:00Z,2025-07-26,,2025-09-18T03:13:00Z,1090.09,MAD,45.8,2025-02-05T17:02:00Z,2025-09-18T03:13:00Z,aaaaaaaa-0001-0000-0000-000000000001,bbbbbbbb-0002-0000-0000-000000000002
cccccccc-0129-0000-0000-000000000000,PO-2025-00129,FOURNISSEUR,ANNULE,HAUTE,Fournitures bureau,2025-10-12T12:32:00Z,2025-03-03,,2025-09-02T16:18:00Z,28.23,MAD,68.6,2025-10-12T12:32:00Z,2025-09-02T16:18:00Z,aaaaaaaa-0001-0000-0000-000000000001,bbbbbbbb-0002-0000-0000-000000000002
cccccccc-0130-0000-0000-000000000000,PO-2025-00130,FOURNISSEUR,EN_COURS,CRITIQUE,Produits chimiques,2025-01-20T12:52:00Z,2025-03-02,,2025-06-14T08:31:00Z,11614.07,MAD,13.4,2025-01-20T12:52:00Z,2025-06-14T08:31:00Z,aaaaaaaa-0003-0000-0000-000000000003,bbbbbbbb-0002-0000-0000-000000000002
cccccccc-0131-0000-0000-000000000000,PO-2025-00131,FOURNISSEUR,EN_COURS,NORMALE,Electronique,2025-01-02T16:52:00Z,2025-03-26,,2025-11-28T06:13:00Z,286.28,MAD,77.4,2025-01-02T16:52:00Z,2025-11-28T06:13:00Z,aaaaaaaa-0001-0000-0000-000000000001,bbbbbbbb-0002-0000-0000-000000000002
cccccccc-0132-0000-0000-000000000000,PO-2025-00132,FOURNISSEUR,EN_COURS,HAUTE,Pieces detachees,2025-09-10T04:20:00Z,2025-09-07,,2025-11-06T22:53:00Z,1595.50,MAD,77.1,2025-09-10T04:20:00Z,2025-11-06T22:53:00Z,aaaaaaaa-0003-0000-0000-000000000003,bbbbbbbb-0002-0000-0000-000000000002
cccccccc-0133-0000-0000-000000000000,PO-2025-00133,FOURNISSEUR,EN_COURS,HAUTE,Matieres premieres,2025-04-25T12:41:00Z,2025-06-20,,2025-12-04T10:18:00Z,2654.43,MAD,75.0,2025-04-25T12:41:00Z,2025-12-04T10:18:00Z,aaaaaaaa-0005-0000-0000-000000000005,bbbbbbbb-0002-0000-0000-000000000002
cccccccc-0134-0000-0000-000000000000,PO-2025-00134,FOURNISSEUR,EN_COURS,NORMALE,Matieres premieres,2025-06-28T07:09:00Z,2025-08-16,,2025-10-15T05:15:00Z,25505.84,EUR,64.4,2025-06-28T07:09:00Z,2025-10-15T05:15:00Z,aaaaaaaa-0004-0000-0000-000000000004,bbbbbbbb-0002-0000-0000-000000000002
cccccccc-0135-0000-0000-000000000000,PO-2025-00135,FOURNISSEUR,EN_COURS,NORMALE,Produits chimiques,2025-08-03T04:26:00Z,2025-06-17,,2025-06-08T04:52:00Z,33974.47,MAD,40.8,2025-08-03T04:26:00Z,2025-06-08T04:52:00Z,aaaaaaaa-0003-0000-0000-000000000003,bbbbbbbb-0002-0000-0000-000000000002
cccccccc-0136-0000-0000-000000000000,PO-2025-00136,FOURNISSEUR,LIVRE,HAUTE,Electronique,2025-08-16T17:57:00Z,2025-12-11,2025-12-26,2025-07-25T15:44:00Z,2062.93,EUR,16.8,2025-08-16T17:57:00Z,2025-07-25T15:44:00Z,aaaaaaaa-0001-0000-0000-000000000001,bbbbbbbb-0002-0000-0000-000000000002
cccccccc-0137-0000-0000-000000000000,PO-2025-00137,FOURNISSEUR,BLOQUE,NORMALE,Fournitures bureau,2025-04-26T12:48:00Z,2025-09-23,,2025-11-16T13:01:00Z,7921.37,EUR,95.3,2025-04-26T12:48:00Z,2025-11-16T13:01:00Z,aaaaaaaa-0005-0000-0000-000000000005,bbbbbbbb-0002-0000-0000-000000000002
cccccccc-0138-0000-0000-000000000000,PO-2025-00138,FOURNISSEUR,EN_ATTENTE,NORMALE,Electronique,2025-02-05T13:05:00Z,2025-08-22,,2025-11-13T07:59:00Z,1512.82,EUR,11.6,2025-02-05T13:05:00Z,2025-11-13T07:59:00Z,aaaaaaaa-0002-0000-0000-000000000002,bbbbbbbb-0002-0000-0000-000000000002
cccccccc-0139-0000-0000-000000000000,PO-2025-00139,FOURNISSEUR,EN_COURS,NORMALE,Pieces detachees,2025-03-17T22:26:00Z,2025-04-02,,2025-11-19T21:29:00Z,33584.62,MAD,13.3,2025-03-17T22:26:00Z,2025-11-19T21:29:00Z,aaaaaaaa-0005-0000-0000-000000000005,bbbbbbbb-0002-0000-0000-000000000002
cccccccc-0140-0000-0000-000000000000,PO-2025-00140,FOURNISSEUR,EN_COURS,NORMALE,Matieres premieres,2025-03-18T22:08:00Z,2025-08-20,,2025-07-03T14:01:00Z,1159.50,EUR,34.1,2025-03-18T22:08:00Z,2025-07-03T14:01:00Z,aaaaaaaa-0001-0000-0000-000000000001,bbbbbbbb-0002-0000-0000-000000000002
cccccccc-0141-0000-0000-000000000000,PO-2025-00141,FOURNISSEUR,ANNULE,HAUTE,Textile,2025-06-26T08:31:00Z,2025-03-16,,2025-10-09T10:25:00Z,173.84,EUR,23.5,2025-06-26T08:31:00Z,2025-10-09T10:25:00Z,aaaaaaaa-0004-0000-0000-000000000004,bbbbbbbb-0002-0000-0000-000000000002
cccccccc-0142-0000-0000-000000000000,PO-2025-00142,FOURNISSEUR,EN_ATTENTE,NORMALE,Electronique,2025-05-06T05:51:00Z,2025-03-12,,2025-12-11T13:55:00Z,4221.61,MAD,44.2,2025-05-06T05:51:00Z,2025-12-11T13:55:00Z,aaaaaaaa-0001-0000-0000-000000000001,bbbbbbbb-0002-0000-0000-000000000002
cccccccc-0143-0000-0000-000000000000,PO-2025-00143,FOURNISSEUR,EN_COURS,NORMALE,Textile,2025-03-16T06:11:00Z,2025-12-23,,2025-08-13T05:46:00Z,1768.80,EUR,81.7,2025-03-16T06:11:00Z,2025-08-13T05:46:00Z,aaaaaaaa-0004-0000-0000-000000000004,bbbbbbbb-0002-0000-0000-000000000002
cccccccc-0144-0000-0000-000000000000,PO-2025-00144,FOURNISSEUR,EN_COURS,NORMALE,Emballage,2025-06-10T18:26:00Z,2025-03-26,,2025-07-12T18:53:00Z,1854.76,MAD,42.8,2025-06-10T18:26:00Z,2025-07-12T18:53:00Z,aaaaaaaa-0003-0000-0000-000000000003,bbbbbbbb-0002-0000-0000-000000000002
cccccccc-0145-0000-0000-000000000000,PO-2025-00145,FOURNISSEUR,EN_COURS,HAUTE,Pieces detachees,2025-10-14T00:14:00Z,2025-03-22,,2025-07-18T01:10:00Z,889.98,EUR,59.5,2025-10-14T00:14:00Z,2025-07-18T01:10:00Z,aaaaaaaa-0002-0000-0000-000000000002,bbbbbbbb-0002-0000-0000-000000000002
cccccccc-0146-0000-0000-000000000000,PO-2025-00146,FOURNISSEUR,LIVRE,NORMALE,Emballage,2025-08-09T11:51:00Z,2025-05-14,2025-10-08,2025-06-04T10:17:00Z,23487.97,EUR,85.9,2025-08-09T11:51:00Z,2025-06-04T10:17:00Z,aaaaaaaa-0004-0000-0000-000000000004,bbbbbbbb-0002-0000-0000-000000000002
cccccccc-0147-0000-0000-000000000000,PO-2025-00147,FOURNISSEUR,EN_COURS,CRITIQUE,Electronique,2025-09-26T23:11:00Z,2025-12-09,,2025-10-06T07:28:00Z,6152.54,EUR,28.8,2025-09-26T23:11:00Z,2025-10-06T07:28:00Z,aaaaaaaa-0005-0000-0000-000000000005,bbbbbbbb-0002-0000-0000-000000000002
cccccccc-0148-0000-0000-000000000000,PO-2025-00148,FOURNISSEUR,EN_COURS,NORMALE,Produits chimiques,2025-05-07T04:43:00Z,2025-08-10,,2025-11-05T16:44:00Z,23061.93,USD,5.3,2025-05-07T04:43:00Z,2025-11-05T16:44:00Z,aaaaaaaa-0001-0000-0000-000000000001,bbbbbbbb-0002-0000-0000-000000000002
cccccccc-0149-0000-0000-000000000000,PO-2025-00149,FOURNISSEUR,EN_COURS,HAUTE,Matieres premieres,2025-06-21T03:58:00Z,2025-08-01,,2025-10-17T22:53:00Z,2502.48,USD,52.3,2025-06-21T03:58:00Z,2025-10-17T22:53:00Z,aaaaaaaa-0003-0000-0000-000000000003,bbbbbbbb-0002-0000-0000-000000000002
cccccccc-0150-0000-0000-000000000000,PO-2025-00150,FOURNISSEUR,EN_COURS,NORMALE,Fournitures bureau,2025-08-03T22:45:00Z,2025-06-25,,2025-10-08T11:10:00Z,4514.08,MAD,7.0,2025-08-03T22:45:00Z,2025-10-08T11:10:00Z,aaaaaaaa-0005-0000-0000-000000000005,bbbbbbbb-0002-0000-0000-000000000002
cccccccc-0151-0000-0000-000000000000,PO-2025-00151,FOURNISSEUR,EN_ATTENTE,NORMALE,Matieres premieres,2025-02-04T17:01:00Z,2025-03-03,,2025-08-04T21:42:00Z,3506.61,EUR,17.9,2025-02-04T17:01:00Z,2025-08-04T21:42:00Z,aaaaaaaa-0002-0000-0000-000000000002,bbbbbbbb-0002-0000-0000-000000000002
cccccccc-0152-0000-0000-000000000000,PO-2025-00152,FOURNISSEUR,EN_COURS,HAUTE,Fournitures bureau,2025-08-04T13:49:00Z,2025-08-11,,2025-10-20T02:16:00Z,19776.63,USD,86.8,2025-08-04T13:49:00Z,2025-10-20T02:16:00Z,aaaaaaaa-0001-0000-0000-000000000001,bbbbbbbb-0002-0000-0000-000000000002
cccccccc-0153-0000-0000-000000000000,PO-2025-00153,FOURNISSEUR,LIVRE,NORMALE,Logistique,2025-07-19T08:07:00Z,2025-10-25,2025-07-05,2025-07-04T12:02:00Z,3476.12,MAD,3.0,2025-07-19T08:07:00Z,2025-07-04T12:02:00Z,aaaaaaaa-0004-0000-0000-000000000004,bbbbbbbb-0002-0000-0000-000000000002
cccccccc-0154-0000-0000-000000000000,PO-2025-00154,FOURNISSEUR,EN_COURS,HAUTE,Textile,2025-06-12T10:41:00Z,2025-08-06,,2025-11-19T07:19:00Z,3475.19,MAD,21.4,2025-06-12T10:41:00Z,2025-11-19T07:19:00Z,aaaaaaaa-0004-0000-0000-000000000004,bbbbbbbb-0002-0000-0000-000000000002
cccccccc-0155-0000-0000-000000000000,PO-2025-00155,FOURNISSEUR,LIVRE,NORMALE,Textile,2025-01-28T19:46:00Z,2025-05-15,2025-08-28,2025-10-06T14:25:00Z,6525.23,MAD,64.3,2025-01-28T19:46:00Z,2025-10-06T14:25:00Z,aaaaaaaa-0003-0000-0000-000000000003,bbbbbbbb-0002-0000-0000-000000000002
cccccccc-0156-0000-0000-000000000000,PO-2025-00156,FOURNISSEUR,EN_COURS,HAUTE,Produits chimiques,2025-05-01T12:11:00Z,2025-06-03,,2025-07-26T15:37:00Z,1693.75,EUR,66.0,2025-05-01T12:11:00Z,2025-07-26T15:37:00Z,aaaaaaaa-0003-0000-0000-000000000003,bbbbbbbb-0002-0000-0000-000000000002
cccccccc-0157-0000-0000-000000000000,PO-2025-00157,FOURNISSEUR,LIVRE,NORMALE,Textile,2025-08-04T05:00:00Z,2025-10-20,2025-11-20,2025-08-26T06:29:00Z,690.05,USD,11.0,2025-08-04T05:00:00Z,2025-08-26T06:29:00Z,aaaaaaaa-0001-0000-0000-000000000001,bbbbbbbb-0002-0000-0000-000000000002
cccccccc-0158-0000-0000-000000000000,PO-2025-00158,FOURNISSEUR,EN_COURS,NORMALE,Electronique,2025-09-18T19:09:00Z,2025-07-18,,2025-06-11T16:18:00Z,417.02,MAD,10.7,2025-09-18T19:09:00Z,2025-06-11T16:18:00Z,aaaaaaaa-0005-0000-0000-000000000005,bbbbbbbb-0002-0000-0000-000000000002
cccccccc-0159-0000-0000-000000000000,PO-2025-00159,FOURNISSEUR,EN_COURS,NORMALE,Textile,2025-03-16T02:00:00Z,2025-09-23,,2025-09-22T00:29:00Z,17931.98,MAD,30.4,2025-03-16T02:00:00Z,2025-09-22T00:29:00Z,aaaaaaaa-0005-0000-0000-000000000005,bbbbbbbb-0002-0000-0000-000000000002
cccccccc-0160-0000-0000-000000000000,PO-2025-00160,FOURNISSEUR,EN_COURS,HAUTE,Pieces detachees,2025-01-14T02:40:00Z,2025-05-19,,2025-12-02T05:57:00Z,145359.28,EUR,49.6,2025-01-14T02:40:00Z,2025-12-02T05:57:00Z,aaaaaaaa-0002-0000-0000-000000000002,bbbbbbbb-0002-0000-0000-000000000002
cccccccc-0161-0000-0000-000000000000,PO-2025-00161,FOURNISSEUR,EN_COURS,CRITIQUE,Fournitures bureau,2025-07-15T15:16:00Z,2025-08-28,,2025-10-04T19:07:00Z,3704.74,MAD,47.3,2025-07-15T15:16:00Z,2025-10-04T19:07:00Z,aaaaaaaa-0003-0000-0000-000000000003,bbbbbbbb-0002-0000-0000-000000000002
cccccccc-0162-0000-0000-000000000000,PO-2025-00162,FOURNISSEUR,BLOQUE,NORMALE,Textile,2025-09-22T14:47:00Z,2025-11-28,,2025-09-24T19:07:00Z,6118.56,MAD,83.4,2025-09-22T14:47:00Z,2025-09-24T19:07:00Z,aaaaaaaa-0003-0000-0000-000000000003,bbbbbbbb-0002-0000-0000-000000000002
cccccccc-0163-0000-0000-000000000000,PO-2025-00163,FOURNISSEUR,EN_COURS,HAUTE,Emballage,2025-02-11T11:11:00Z,2025-06-19,,2025-06-07T15:34:00Z,4719.91,MAD,90.6,2025-02-11T11:11:00Z,2025-06-07T15:34:00Z,aaaaaaaa-0005-0000-0000-000000000005,bbbbbbbb-0002-0000-0000-000000000002
cccccccc-0164-0000-0000-000000000000,PO-2025-00164,FOURNISSEUR,EN_COURS,NORMALE,Electronique,2025-03-23T14:12:00Z,2025-03-27,,2025-09-18T14:19:00Z,750.34,MAD,74.1,2025-03-23T14:12:00Z,2025-09-18T14:19:00Z,aaaaaaaa-0002-0000-0000-000000000002,bbbbbbbb-0002-0000-0000-000000000002
cccccccc-0165-0000-0000-000000000000,PO-2025-00165,FOURNISSEUR,EN_COURS,NORMALE,Produits chimiques,2025-10-21T01:01:00Z,2025-04-19,,2025-08-16T15:12:00Z,304.59,EUR,23.1,2025-10-21T01:01:00Z,2025-08-16T15:12:00Z,aaaaaaaa-0005-0000-0000-000000000005,bbbbbbbb-0002-0000-0000-000000000002
cccccccc-0166-0000-0000-000000000000,PO-2025-00166,FOURNISSEUR,EN_COURS,NORMALE,Pieces detachees,2025-10-04T11:16:00Z,2025-04-12,,2025-10-15T07:20:00Z,6702.36,MAD,57.5,2025-10-04T11:16:00Z,2025-10-15T07:20:00Z,aaaaaaaa-0002-0000-0000-000000000002,bbbbbbbb-0002-0000-0000-000000000002
cccccccc-0167-0000-0000-000000000000,PO-2025-00167,FOURNISSEUR,EN_COURS,HAUTE,Electronique,2025-04-20T01:32:00Z,2025-10-23,,2025-07-12T10:54:00Z,6795.00,USD,23.7,2025-04-20T01:32:00Z,2025-07-12T10:54:00Z,aaaaaaaa-0003-0000-0000-000000000003,bbbbbbbb-0002-0000-0000-000000000002
cccccccc-0168-0000-0000-000000000000,PO-2025-00168,FOURNISSEUR,EN_COURS,NORMALE,Fournitures bureau,2025-02-26T17:57:00Z,2025-09-17,,2025-09-08T03:23:00Z,5383.45,EUR,90.1,2025-02-26T17:57:00Z,2025-09-08T03:23:00Z,aaaaaaaa-0003-0000-0000-000000000003,bbbbbbbb-0002-0000-0000-000000000002
cccccccc-0169-0000-0000-000000000000,PO-2025-00169,FOURNISSEUR,EN_COURS,HAUTE,Produits chimiques,2025-05-01T11:46:00Z,2025-07-10,,2025-12-25T00:01:00Z,97565.76,EUR,16.0,2025-05-01T11:46:00Z,2025-12-25T00:01:00Z,aaaaaaaa-0005-0000-0000-000000000005,bbbbbbbb-0002-0000-0000-000000000002
cccccccc-0170-0000-0000-000000000000,PO-2025-00170,FOURNISSEUR,EN_COURS,NORMALE,Logistique,2025-04-10T10:40:00Z,2025-11-01,,2025-11-15T03:28:00Z,4473.00,EUR,37.6,2025-04-10T10:40:00Z,2025-11-15T03:28:00Z,aaaaaaaa-0004-0000-0000-000000000004,bbbbbbbb-0002-0000-0000-000000000002
cccccccc-0171-0000-0000-000000000000,PO-2025-00171,FOURNISSEUR,EN_COURS,HAUTE,Matieres premieres,2025-10-14T21:27:00Z,2025-12-16,,2025-11-26T06:24:00Z,40414.65,USD,7.4,2025-10-14T21:27:00Z,2025-11-26T06:24:00Z,aaaaaaaa-0002-0000-0000-000000000002,bbbbbbbb-0002-0000-0000-000000000002
cccccccc-0172-0000-0000-000000000000,PO-2025-00172,FOURNISSEUR,EN_COURS,HAUTE,Matieres premieres,2025-07-16T15:24:00Z,2025-08-14,,2025-08-06T03:34:00Z,1812.00,EUR,94.3,2025-07-16T15:24:00Z,2025-08-06T03:34:00Z,aaaaaaaa-0003-0000-0000-000000000003,bbbbbbbb-0002-0000-0000-000000000002
cccccccc-0173-0000-0000-000000000000,PO-2025-00173,FOURNISSEUR,EN_COURS,CRITIQUE,Pieces detachees,2025-10-21T07:51:00Z,2025-07-06,,2025-11-13T04:48:00Z,11928.55,MAD,63.9,2025-10-21T07:51:00Z,2025-11-13T04:48:00Z,aaaaaaaa-0003-0000-0000-000000000003,bbbbbbbb-0002-0000-0000-000000000002
cccccccc-0174-0000-0000-000000000000,PO-2025-00174,FOURNISSEUR,EN_COURS,NORMALE,Produits chimiques,2025-05-22T03:51:00Z,2025-05-03,,2025-06-05T12:46:00Z,7524.66,MAD,28.8,2025-05-22T03:51:00Z,2025-06-05T12:46:00Z,aaaaaaaa-0001-0000-0000-000000000001,bbbbbbbb-0002-0000-0000-000000000002
cccccccc-0175-0000-0000-000000000000,PO-2025-00175,FOURNISSEUR,ANNULE,HAUTE,Electronique,2025-02-02T03:34:00Z,2025-05-05,,2025-11-15T14:46:00Z,11944.11,EUR,67.9,2025-02-02T03:34:00Z,2025-11-15T14:46:00Z,aaaaaaaa-0005-0000-0000-000000000005,bbbbbbbb-0002-0000-0000-000000000002
cccccccc-0176-0000-0000-000000000000,PO-2025-00176,FOURNISSEUR,EN_COURS,HAUTE,Pieces detachees,2025-04-24T15:09:00Z,2025-09-20,,2025-10-20T12:49:00Z,5706.00,EUR,51.1,2025-04-24T15:09:00Z,2025-10-20T12:49:00Z,aaaaaaaa-0003-0000-0000-000000000003,bbbbbbbb-0002-0000-0000-000000000002
cccccccc-0177-0000-0000-000000000000,PO-2025-00177,FOURNISSEUR,EN_COURS,HAUTE,Electronique,2025-02-16T09:39:00Z,2025-08-09,,2025-11-13T06:47:00Z,3247.55,EUR,4.1,2025-02-16T09:39:00Z,2025-11-13T06:47:00Z,aaaaaaaa-0003-0000-0000-000000000003,bbbbbbbb-0002-0000-0000-000000000002
cccccccc-0178-0000-0000-000000000000,PO-2025-00178,FOURNISSEUR,EN_COURS,NORMALE,Matieres premieres,2025-05-23T09:21:00Z,2025-06-15,,2025-07-12T15:25:00Z,3810.89,MAD,28.1,2025-05-23T09:21:00Z,2025-07-12T15:25:00Z,aaaaaaaa-0005-0000-0000-000000000005,bbbbbbbb-0002-0000-0000-000000000002
cccccccc-0179-0000-0000-000000000000,PO-2025-00179,FOURNISSEUR,EN_ATTENTE,HAUTE,Textile,2025-07-05T18:41:00Z,2025-09-03,,2025-07-28T19:29:00Z,8417.46,MAD,16.5,2025-07-05T18:41:00Z,2025-07-28T19:29:00Z,aaaaaaaa-0004-0000-0000-000000000004,bbbbbbbb-0002-0000-0000-000000000002
cccccccc-0180-0000-0000-000000000000,PO-2025-00180,FOURNISSEUR,LIVRE,HAUTE,Produits chimiques,2025-04-25T15:47:00Z,2025-09-05,2025-12-01,2025-10-06T10:30:00Z,47517.24,MAD,14.4,2025-04-25T15:47:00Z,2025-10-06T10:30:00Z,aaaaaaaa-0002-0000-0000-000000000002,bbbbbbbb-0002-0000-0000-000000000002
cccccccc-0181-0000-0000-000000000000,PO-2025-00181,FOURNISSEUR,EN_ATTENTE,NORMALE,Emballage,2025-02-23T02:39:00Z,2025-08-17,,2025-08-23T06:56:00Z,2632.59,EUR,25.5,2025-02-23T02:39:00Z,2025-08-23T06:56:00Z,aaaaaaaa-0004-0000-0000-000000000004,bbbbbbbb-0002-0000-0000-000000000002
cccccccc-0182-0000-0000-000000000000,PO-2025-00182,FOURNISSEUR,LIVRE,NORMALE,Pieces detachees,2025-01-20T18:16:00Z,2025-07-21,2025-06-09,2025-07-02T17:41:00Z,743.60,MAD,95.1,2025-01-20T18:16:00Z,2025-07-02T17:41:00Z,aaaaaaaa-0005-0000-0000-000000000005,bbbbbbbb-0002-0000-0000-000000000002
cccccccc-0183-0000-0000-000000000000,PO-2025-00183,FOURNISSEUR,EN_ATTENTE,NORMALE,Electronique,2025-04-28T15:07:00Z,2025-05-15,,2025-08-20T02:23:00Z,14613.75,EUR,90.1,2025-04-28T15:07:00Z,2025-08-20T02:23:00Z,aaaaaaaa-0002-0000-0000-000000000002,bbbbbbbb-0002-0000-0000-000000000002
cccccccc-0184-0000-0000-000000000000,PO-2025-00184,FOURNISSEUR,EN_COURS,CRITIQUE,Produits chimiques,2025-07-08T09:49:00Z,2025-03-05,,2025-08-16T19:20:00Z,11656.15,EUR,66.1,2025-07-08T09:49:00Z,2025-08-16T19:20:00Z,aaaaaaaa-0001-0000-0000-000000000001,bbbbbbbb-0002-0000-0000-000000000002
cccccccc-0185-0000-0000-000000000000,PO-2025-00185,FOURNISSEUR,EN_COURS,NORMALE,Logistique,2025-08-12T21:07:00Z,2025-04-28,,2025-11-12T22:53:00Z,3838.65,EUR,43.2,2025-08-12T21:07:00Z,2025-11-12T22:53:00Z,aaaaaaaa-0004-0000-0000-000000000004,bbbbbbbb-0002-0000-0000-000000000002
cccccccc-0186-0000-0000-000000000000,PO-2025-00186,FOURNISSEUR,EN_COURS,CRITIQUE,Logistique,2025-01-19T16:26:00Z,2025-04-10,,2025-07-22T11:51:00Z,3857.78,MAD,74.9,2025-01-19T16:26:00Z,2025-07-22T11:51:00Z,aaaaaaaa-0004-0000-0000-000000000004,bbbbbbbb-0002-0000-0000-000000000002
cccccccc-0187-0000-0000-000000000000,PO-2025-00187,FOURNISSEUR,LIVRE,NORMALE,Emballage,2025-04-25T14:10:00Z,2025-12-25,2025-05-07,2025-09-18T16:35:00Z,2677.54,MAD,28.8,2025-04-25T14:10:00Z,2025-09-18T16:35:00Z,aaaaaaaa-0005-0000-0000-000000000005,bbbbbbbb-0002-0000-0000-000000000002
cccccccc-0188-0000-0000-000000000000,PO-2025-00188,FOURNISSEUR,BLOQUE,HAUTE,Electronique,2025-08-28T21:22:00Z,2025-06-09,,2025-12-09T15:00:00Z,1541.00,EUR,9.7,2025-08-28T21:22:00Z,2025-12-09T15:00:00Z,aaaaaaaa-0001-0000-0000-000000000001,bbbbbbbb-0002-0000-0000-000000000002
cccccccc-0189-0000-0000-000000000000,PO-2025-00189,FOURNISSEUR,EN_COURS,HAUTE,Pieces detachees,2025-06-04T04:30:00Z,2025-09-09,,2025-07-25T10:22:00Z,2163.26,EUR,51.9,2025-06-04T04:30:00Z,2025-07-25T10:22:00Z,aaaaaaaa-0002-0000-0000-000000000002,bbbbbbbb-0002-0000-0000-000000000002
cccccccc-0190-0000-0000-000000000000,PO-2025-00190,FOURNISSEUR,EN_COURS,NORMALE,Pieces detachees,2025-02-15T10:19:00Z,2025-05-25,,2025-08-24T18:08:00Z,12088.98,EUR,99.0,2025-02-15T10:19:00Z,2025-08-24T18:08:00Z,aaaaaaaa-0002-0000-0000-000000000002,bbbbbbbb-0002-0000-0000-000000000002
cccccccc-0191-0000-0000-000000000000,PO-2025-00191,FOURNISSEUR,EN_ATTENTE,NORMALE,Textile,2025-04-12T01:35:00Z,2025-03-04,,2025-07-22T01:32:00Z,8399.15,MAD,67.3,2025-04-12T01:35:00Z,2025-07-22T01:32:00Z,aaaaaaaa-0003-0000-0000-000000000003,bbbbbbbb-0002-0000-0000-000000000002
cccccccc-0192-0000-0000-000000000000,PO-2025-00192,FOURNISSEUR,EN_ATTENTE,NORMALE,Textile,2025-05-09T12:32:00Z,2025-12-16,,2025-09-03T08:23:00Z,3205.39,MAD,18.4,2025-05-09T12:32:00Z,2025-09-03T08:23:00Z,aaaaaaaa-0002-0000-0000-000000000002,bbbbbbbb-0002-0000-0000-000000000002
cccccccc-0193-0000-0000-000000000000,PO-2025-00193,FOURNISSEUR,LIVRE,HAUTE,Fournitures bureau,2025-10-10T00:57:00Z,2025-05-03,2025-04-04,2025-06-23T00:45:00Z,62.40,EUR,92.4,2025-10-10T00:57:00Z,2025-06-23T00:45:00Z,aaaaaaaa-0001-0000-0000-000000000001,bbbbbbbb-0002-0000-0000-000000000002
cccccccc-0194-0000-0000-000000000000,PO-2025-00194,FOURNISSEUR,LIVRE,NORMALE,Textile,2025-07-06T00:33:00Z,2025-12-14,2025-05-01,2025-07-03T09:54:00Z,41254.43,MAD,0.9,2025-07-06T00:33:00Z,2025-07-03T09:54:00Z,aaaaaaaa-0002-0000-0000-000000000002,bbbbbbbb-0002-0000-0000-000000000002
cccccccc-0195-0000-0000-000000000000,PO-2025-00195,FOURNISSEUR,EN_COURS,HAUTE,Matieres premieres,2025-09-20T07:46:00Z,2025-06-10,,2025-12-24T21:53:00Z,4139.86,EUR,51.3,2025-09-20T07:46:00Z,2025-12-24T21:53:00Z,aaaaaaaa-0002-0000-0000-000000000002,bbbbbbbb-0002-0000-0000-000000000002
cccccccc-0196-0000-0000-000000000000,PO-2025-00196,FOURNISSEUR,EN_COURS,NORMALE,Matieres premieres,2025-07-09T07:44:00Z,2025-09-05,,2025-07-09T20:27:00Z,4866.19,EUR,63.1,2025-07-09T07:44:00Z,2025-07-09T20:27:00Z,aaaaaaaa-0005-0000-0000-000000000005,bbbbbbbb-0002-0000-0000-000000000002
cccccccc-0197-0000-0000-000000000000,PO-2025-00197,FOURNISSEUR,EN_COURS,HAUTE,Textile,2025-10-13T21:43:00Z,2025-12-01,,2025-08-07T13:54:00Z,2814.84,MAD,44.0,2025-10-13T21:43:00Z,2025-08-07T13:54:00Z,aaaaaaaa-0003-0000-0000-000000000003,bbbbbbbb-0002-0000-0000-000000000002
cccccccc-0198-0000-0000-000000000000,PO-2025-00198,FOURNISSEUR,LIVRE,NORMALE,Emballage,2025-05-22T18:59:00Z,2025-08-13,2025-06-12,2025-09-26T03:18:00Z,14759.22,EUR,57.5,2025-05-22T18:59:00Z,2025-09-26T03:18:00Z,aaaaaaaa-0004-0000-0000-000000000004,bbbbbbbb-0002-0000-0000-000000000002
cccccccc-0199-0000-0000-000000000000,PO-2025-00199,FOURNISSEUR,LIVRE,CRITIQUE,Produits chimiques,2025-07-09T08:33:00Z,2025-04-04,2025-06-03,2025-11-17T21:17:00Z,890.26,MAD,15.1,2025-07-09T08:33:00Z,2025-11-17T21:17:00Z,aaaaaaaa-0003-0000-0000-000000000003,bbbbbbbb-0002-0000-0000-000000000002
cccccccc-0200-0000-0000-000000000000,PO-2025-00200,FOURNISSEUR,EN_ATTENTE,HAUTE,Emballage,2025-04-18T11:20:00Z,2025-10-13,,2025-08-06T23:12:00Z,7865.88,USD,7.9,2025-04-18T11:20:00Z,2025-08-06T23:12:00Z,aaaaaaaa-0003-0000-0000-000000000003,bbbbbbbb-0002-0000-0000-000000000002
